Ágatha Alves,female,Rua Ernesto Rothschild 1418,São Paulo,AgathaCarvalhoAlves@jourrapide.com,(11) 8310-5023,34
Ágatha Araujo,female,Rua Brasília 1397,Criciúma,AgathaRodriguesAraujo@gustr.com,(48) 6265-5991,58
Ágatha Barros,female,Rua Maria José da Silva 957,Pará de Minas,AgathaAzevedoBarros@teleworm.us,(37) 8033-3841,36
Ágatha Cardoso,female,Rua Noventa e Três 54,Rio de Janeiro,AgathaLimaCardoso@teleworm.us,(21) 2755-3456,34
Ágatha Carvalho,female,Rua Jornalista Milton Amado 323,Belo Horizonte,AgathaSouzaCarvalho@dayrep.com,(31) 4547-8042,32
Ágatha Castro,female,Rua Banabuiu 1227,Rio de Janeiro,AgathaAlmeidaCastro@rhyta.com,(21) 8524-2146,68
Ágatha Cavalcanti,female,Rua Saturnino Pereira 1466,São Paulo,AgathaSantosCavalcanti@fleckens.hu,(11) 6927-6371,46
Ágatha Correia,female,Rua Rio Lixas 825,Abreu e Lima,AgathaAzevedoCorreia@rhyta.com,(81) 3330-7032,77
Ágatha Costa,female,Rua Edith Mendes da Gama e Abreu 664,Salvador,AgathaGomesCosta@armyspy.com,(71) 4093-8025,29
Ágatha Cunha,female,Rua Geraldo Donizete Bosco 36,Araçatuba,AgathaAlvesCunha@armyspy.com,(18) 8926-4594,84
Ágatha Dias,female,Rua Oriente 1731,Salvador,AgathaRibeiroDias@superrito.com,(71) 8996-6950,26
Ágatha Fernandes,female,Rua Pinto Bandeira 54,Sapucaia do Sul,AgathaDiasFernandes@dayrep.com,(51) 9717-3419,58
Ágatha Ferreira,female,Rua Professor Flamínio Favero 53,São Paulo,AgathaGomesFerreira@jourrapide.com,(11) 9572-5074,50
Ágatha Gomes,female,Rua General Joaquim Inácio 1454,Anápolis,AgathaLimaGomes@gustr.com,(62) 6510-9084,76
